Sentiment,Avg_Likes,Avg_Retweets
Neutral,81.37931034482759,27.275862068965516
Negative,80.32142857142857,20.428571428571427
Positive,65.16279069767442,23.27906976744186
