AgeGroup,Avg_Likes,Avg_Retweets
Senior,88.3,28.5
Adult,75.96078431372548,23.862745098039216
Teen,68.05128205128206,22.102564102564102
